query_id,query_text,top_k_sources,similarity_scores,generated_answer_first_two_sentences,grounded,full_generated_answer
P1Q01,How can I parse or process a URL in Python?,[1] ramses-tech/ramses/ramses/utils.py::extract_dynamic_part; [2] canonical-ols/acceptable/acceptable/djangoutil.py::urlmap; [3] elifesciences/elife-tools/elifetools/utils.py::orcid_uri_to_orcid; [4] ramses-tech/ramses/ramses/utils.py::get_route_name,[1] 0.612; [2] 0.581; [3] 0.548; [4] 0.536,"Based on the provided code context, here are some approaches to parse or process URLs in Python:

1. **Extract dynamic parts from URIs** - Use `extract_dynamic_part()` from `ramses-tech/ramses/ramses/utils.py::extract_dynamic_part` to identify and extract dynamic URL segments (those enclosed in curly braces like `{id}`).

2.",yes,"Based on the provided code context, here are some approaches to parse or process URLs in Python:

1. **Extract dynamic parts from URIs** - Use `extract_dynamic_part()` from `ramses-tech/ramses/ramses/utils.py::extract_dynamic_part` to identify and extract dynamic URL segments (those enclosed in curly braces like `{id}`).

2. **Strip URI schemas** - Use `orcid_uri_to_orcid()` from `elifesciences/elife-tools/elifetools/utils.py::orcid_uri_to_orcid` to remove URI schemas (like `http://` or `https://`) from the beginning of URL strings.

3. **Extract route names** - Use `get_route_name()` from `ramses-tech/ramses/ramses/utils.py::get_route_name` to process resource URIs by stripping slashes and removing non-word characters.

4. **Build URL pattern maps** - Use `urlmap()` from `canonical-ols/acceptable/acceptable/djangoutil.py::urlmap` to recursively build a map of URL patterns (useful in Django contexts).

However, for general-purpose URL parsing in Python, the provided code context doesn't show usage of Python's standard library tools like `urllib.parse`. The examples shown are domain-specific utilities for particular frameworks (RAML, Django, etc.)."
P1Q02,How can I read or open a file in Python?,[1] frostming/atoml/atoml/decoder.py::load; [2] DataMedSci/mcpartools/mcpartools/mcengine/shieldhit.py::ShieldHit._parse_geo_file; [3] alixedi/palal/palal/survey.py::survey_loader; [4] alixedi/palal/palal/survey.py::_stdin_,[1] 0.527; [2] 0.505; [3] 0.502; [4] 0.434,"Based on the provided code context, here are the common ways to read or open a file in Python:

1. **Using `open()` with a context manager (recommended)**:
```python
with open(file_path, 'r') as f:
    content = f.read()
```
This is shown in `frostming/atoml/atoml/decoder.py::load` and `alixedi/palal/palal/survey.py::survey_loader`.

2.",yes,"Based on the provided code context, here are the common ways to read or open a file in Python:

1. **Using `open()` with a context manager (recommended)**:
```python
with open(file_path, 'r') as f:
    content = f.read()
```
This is shown in `frostming/atoml/atoml/decoder.py::load` and `alixedi/palal/palal/survey.py::survey_loader`.

2. **Reading line by line**:
```python
with open(file_path, 'r') as f:
    for line in f.readlines():
        # process line
```
This is demonstrated in `DataMedSci/mcpartools/mcengine/shieldhit.py::ShieldHit._parse_geo_file`.

3. **Using a file object directly**:
```python
f = open(file_path, 'r')
content = f.read()
```

The `with` statement is preferred because it automatically closes the file when done, even if an error occurs."
P1Q03,How can I convert bytes into a string in Python?,[1] fchorney/rpI2C/rpI2C.py::I2C.read_raw_byte; [2] frostming/atoml/atoml/decoder.py::Decoder.split_string; [3] eugene-eeo/mailthon/mailthon/headers.py::Headers.prepare; [4] fchorney/rpI2C/rpI2C.py::I2C.write_byte,[1] 0.491; [2] 0.484; [3] 0.477; [4] 0.475,I don't know based on the retrieved code. The provided code context does not contain information about converting bytes into a string in Python.,no,"I don't know based on the retrieved code. The provided code context does not contain information about converting bytes into a string in Python. The snippets shown are about I2C bus operations, TOML string parsing, email headers, and byte writing—none of which demonstrate general bytes-to-string conversion.

To answer your question properly, I would need code examples that specifically show bytes-to-string conversion techniques."
P1Q04,How can I serialize or convert data to JSON in Python?,[1] canonical-ols/acceptable/acceptable/_service.py::APIMetadata.serialize; [2] canonical-ols/acceptable/acceptable/__main__.py::load_metadata; [3] quizl/quizler/quizler/models.py::WordSet.from_dict; [4] quizl/quizler/quizler/models.py::Term.from_dict,[1] 0.526; [2] 0.500; [3] 0.498; [4] 0.489,"Based on the provided code context, here are some ways to serialize or convert data to JSON in Python:

1. **Using the `serialize()` method** - `canonical-ols/acceptable/acceptable/_service.py::APIMetadata.serialize` shows how to create a JSONable dictionary structure using `OrderedDict`:
   ```python
   api_metadata = OrderedDict()
   api_metadata['$version'] = self.current_version
   # ...",yes,"Based on the provided code context, here are some ways to serialize or convert data to JSON in Python:

1. **Using the `serialize()` method** - `canonical-ols/acceptable/acceptable/_service.py::APIMetadata.serialize` shows how to create a JSONable dictionary structure using `OrderedDict`:
   ```python
   api_metadata = OrderedDict()
   api_metadata['$version'] = self.current_version
   # ... populate with data
   return api_metadata, locations
   ```

2. **Using `json.load()` to deserialize** - `canonical-ols/acceptable/acceptable/__main__.py::load_metadata` demonstrates loading JSON from a stream:
   ```python
   metadata = json.load(stream, encoding='utf8', object_pairs_hook=OrderedDict)
   ```

3. **Creating dictionary representations** - `quizl/quizler/quizler/models.py::WordSet.from_dict` and `quizl/quizler/quizler/models.py::Term.from_dict` show how to convert raw dictionary data into structured objects, which can then be serialized.

The general pattern is to:
- Create an `OrderedDict` or regular `dict` with your data
- Use `json.dump()` or `json.dumps()` to convert to JSON (not shown in context, but standard Python)
- Use `json.load()` or `json.loads()` to deserialize JSON back to Python objects

However, the provided code context doesn't show the actual `json.dump()` or `json.dumps()` calls, so I cannot provide specific examples of those from the given sources."
P1Q05,How can I validate or check input arguments before using them?,[1] beregond/jsonmodels/jsonmodels/validators.py::Length.validate; [2] alixedi/palal/palal/survey.py::_stdin_; [3] beregond/jsonmodels/jsonmodels/validators.py::Max.validate; [4] beregond/jsonmodels/jsonmodels/validators.py::Min.validate,[1] 0.456; [2] 0.454; [3] 0.449; [4] 0.444,"Based on the provided code context, I can show you a few validation approaches:

1. **Using validator classes** - The code shows several validator classes like `Length`, `Min`, and `Max` that have `validate()` methods:

```python
# From beregond/jsonmodels/jsonmodels/validators.py
# Example: Length validation
validator = Length(minimum_value=1, maximum_value=100)
validator.validate(user_input)  # Raises ValidationError if invalid

# Example: Min/Max validation
min_validator = Min(minimum_value=0)
min_validator.validate(value)

max_validator = Max(maximum_value=100)
max_validator.validate(value)
```

2.",yes,"Based on the provided code context, I can show you a few validation approaches:

1. **Using validator classes** - The code shows several validator classes like `Length`, `Min`, and `Max` that have `validate()` methods:

```python
# From beregond/jsonmodels/jsonmodels/validators.py
# Example: Length validation
validator = Length(minimum_value=1, maximum_value=100)
validator.validate(user_input)  # Raises ValidationError if invalid

# Example: Min/Max validation
min_validator = Min(minimum_value=0)
min_validator.validate(value)

max_validator = Max(maximum_value=100)
max_validator.validate(value)
```

2. **Getting user input safely** - The code shows a helper function for input handling:

```python
# From alixedi/palal/palal/survey.py::_stdin_
def _stdin_(p):
    """"""Takes input from user. Works for Python 2 and 3.""""""
    _v = sys.version[0]
    return input(p) if _v is '3' else raw_input(p)

user_input = _stdin_(""Enter value: "")
```

These validators check conditions like:
- **Length**: Ensures value length is within min/max bounds
- **Min/Max**: Validates numeric values are within acceptable ranges, with optional exclusive bounds

If validation fails, a `ValidationError` is raised that you can catch and handle appropriately."
P1Q06,How can I retry an operation after a failure?,[1] qubell/contrib-python-qubell-client/qubell/api/tools/__init__.py::retry; [2] Karaage-Cluster/python-tldap/tldap/backend/fake_transactions.py::LDAPwrapper.rollback; [3] Karaage-Cluster/python-tldap/tldap/backend/fake_transactions.py::LDAPwrapper._process; [4] Karaage-Cluster/python-tldap/tldap/backend/fake_transactions.py::LDAPwrapper.fail,[1] 0.580; [2] 0.436; [3] 0.413; [4] 0.356,"Based on the provided code context, you can retry an operation after a failure using the `retry` decorator from `qubell/contrib-python-qubell-client/qubell/api/tools/__init__.py::retry`.

Here's how to use it:

```python
@retry(tries=10, delay=1, backoff=2, retry_exception=SomeException)
def my_operation():
    # your code here
    pass
```

The `retry` decorator accepts the following parameters:

- **`tries`** (default: 10): Number of attempts to make
- **`delay`** (default: 1): Initial delay in seconds between retries
- **`backoff`** (default: 2): Multiplier for delay after each retry (delay increases as `delay*backoff`)
- **`retry_exception`** (optional): Specific exception type to catch and retry on. If not specified, it retries based on the return value

**Two modes of operation:**

1.",yes,"Based on the provided code context, you can retry an operation after a failure using the `retry` decorator from `qubell/contrib-python-qubell-client/qubell/api/tools/__init__.py::retry`.

Here's how to use it:

```python
@retry(tries=10, delay=1, backoff=2, retry_exception=SomeException)
def my_operation():
    # your code here
    pass
```

The `retry` decorator accepts the following parameters:

- **`tries`** (default: 10): Number of attempts to make
- **`delay`** (default: 1): Initial delay in seconds between retries
- **`backoff`** (default: 2): Multiplier for delay after each retry (delay increases as `delay*backoff`)
- **`retry_exception`** (optional): Specific exception type to catch and retry on. If not specified, it retries based on the return value

**Two modes of operation:**

1. **Without exception handling**: Retries while the function returns a falsy value, returns `False` if all retries fail
2. **With exception handling**: Retries when the specified `retry_exception` is raised, and re-raises the exception after all retries are exhausted

Example with exception handling:
```python
@retry(tries=5, delay=2, backoff=2, retry_exception=ConnectionError)
def connect_to_server():
    # will retry up to 5 times if ConnectionError is raised
    pass
```"
P1Q07,How can I extract a value from a nested data structure?,[1] elifesciences/elife-tools/elifetools/parseJATS.py::award_group_funding_source; [2] elifesciences/elife-tools/elifetools/parseJATS.py::full_award_group_funding_source; [3] elifesciences/elife-tools/elifetools/parseJATS.py::award_groups; [4] elifesciences/elife-tools/elifetools/parseJATS.py::award_group_award_id,[1] 0.458; [2] 0.446; [3] 0.429; [4] 0.411,"Based on the provided code context, I can show you how to extract values from nested data structures using the parsing functions available.

The code demonstrates extraction from nested XML/JATS structures in several ways:

1. **Using `extract_nodes()` to navigate nested elements** - `elifesciences/elife-tools/elifetools/parseJATS.py::full_award_group_funding_source`:
```python
funding_source_nodes = extract_nodes(tag, ""funding-source"")
for funding_source_node in funding_source_nodes:
    institution_nodes = extract_nodes(funding_source_node, 'institution')
    institution_node = first(institution_nodes)
    if institution_node:
        award_group_funding_source['institution'] = node_text(institution_node)
```

2.",yes,"Based on the provided code context, I can show you how to extract values from nested data structures using the parsing functions available.

The code demonstrates extraction from nested XML/JATS structures in several ways:

1. **Using `extract_nodes()` to navigate nested elements** - `elifesciences/elife-tools/elifetools/parseJATS.py::full_award_group_funding_source`:
```python
funding_source_nodes = extract_nodes(tag, ""funding-source"")
for funding_source_node in funding_source_nodes:
    institution_nodes = extract_nodes(funding_source_node, 'institution')
    institution_node = first(institution_nodes)
    if institution_node:
        award_group_funding_source['institution'] = node_text(institution_node)
```

2. **Accessing attributes from nested nodes** - `elifesciences/elife-tools/elifetools/parseJATS.py::full_award_group_funding_source`:
```python
if 'content-type' in institution_node.attrs:
    award_group_funding_source['institution-type'] = institution_node['content-type']
```

3. **Building structured dictionaries from nested data** - `elifesciences/elife-tools/elifetools/parseJATS.py::award_groups`:
```python
award_group = {}
award_group['funding_source'] = award_group_funding_source(ag)
award_group['recipient'] = award_group_principal_award_recipient(ag)
```

The general pattern is: navigate through nested elements using `extract_nodes()`, use `first()` to get a single node, then extract text with `node_text()` or access attributes via the `.attrs` dictionary."
P1Q08,How can I handle or inspect HTTP headers in Python?,[1] loftylabs/django-developer-panel/djdev_panel/middleware.py::DebugMiddleware.process_response; [2] fredrike/pypoint/pypoint/__init__.py::PointSession._request; [3] bradmontgomery/django-chosenadmin/chosenadmin/middleware.py::ChosenAdminMiddleware._match; [4] lalinsky/python-phoenixdb/phoenixdb/avatica/client.py::AvaticaClient.connect,[1] 0.513; [2] 0.465; [3] 0.452; [4] 0.451,"Based on the provided code context, here are examples of how to handle and inspect HTTP headers in Python:

1. **Accessing response headers** - Use dictionary-like access on the response object:
```python
content_encoding = response.get('Content-Encoding', '')
content_type = response.get('Content-Type', '').split(';')[0]
```
Source: `loftylabs/django-developer-panel/djdev_panel/middleware.py::DebugMiddleware.process_response`

2.",yes,"Based on the provided code context, here are examples of how to handle and inspect HTTP headers in Python:

1. **Accessing response headers** - Use dictionary-like access on the response object:
```python
content_encoding = response.get('Content-Encoding', '')
content_type = response.get('Content-Type', '').split(';')[0]
```
Source: `loftylabs/django-developer-panel/djdev_panel/middleware.py::DebugMiddleware.process_response`

2. **Checking for specific headers** - Use the `get()` method with a default value:
```python
if response.get('Content-Length', None):
    response['Content-Length'] = len(response.content)
```
Source: `loftylabs/django-developer-panel/djdev_panel/middleware.py::DebugMiddleware.process_response`

3. **Inspecting headers in requests** - Access headers from the response object:
```python
response.headers['content-type']
```
Source: `fredrike/pypoint/pypoint/__init__.py::PointSession._request`

The key pattern is treating HTTP headers as a dictionary where you can:
- Use `.get(header_name, default_value)` to safely retrieve headers
- Use bracket notation `response['Header-Name']` to set headers
- Parse header values (e.g., splitting on `;` to separate content type from charset)"
P1Q09,How can I process command line arguments in Python?,[1] noirbizarre/django.js/djangojs/management/commands/js.py::Command.create_parser; [2] DataMedSci/mcpartools/mcpartools/generatemc.py::main; [3] xenadevel/PyXenaManager/xenamanager/xena_object.py::XenaObject.send_command_return; [4] xenadevel/PyXenaManager/xenamanager/api/xena_rest.py::XenaRestWrapper.send_command_return_multilines,[1] 0.629; [2] 0.626; [3] 0.567; [4] 0.566,"Based on the provided code context, you can process command line arguments in Python using the `argparse` module. Here are the key approaches shown:

## Basic Setup

Create an `ArgumentParser` object:

```python
parser = argparse.ArgumentParser()
```

You can optionally provide a description:

```python
parser = argparse.ArgumentParser(description=""Your help text"")
```

## Adding Arguments

Use `parser.add_argument()` to define arguments:

```python
parser.add_argument('-v', '--verbosity', 
                    action='store', 
                    default=1, 
                    type=int, 
                    choices=range(4),
                    help='Verbosity level; 0=minimal output, 1=normal output...')

parser.add_argument('-V', '--version',
                    action='version',
                    version='1.0.0')

parser.add_argument('-w', '--workspace',
                    type=str,
                    help='workspace directory')

parser.add_argument('-x', '--external_files',
                    nargs='+',
                    type=str,
                    help='list of external files')
```

## Common Options

- `action`: Defines how to handle the argument (e.g., `'store'`, `'store_true'`, `'count'`, `'version'`)
- `default`: Default value if argument not provided
- `type`: Data type conversion (e.g., `int`, `str`)
- `choices`: Restrict values to specific options
- `nargs`: Number of arguments to accept (e.g., `'+'` for one or more)
- `help`: Help text for the argument

See `noirbizarre/django.js/djangojs/management/commands/js.py::Command.create_parser` and `DataMedSci/mcpartools/mcpartools/generatemc.py::main` for complete examples.",yes,"Based on the provided code context, you can process command line arguments in Python using the `argparse` module. Here are the key approaches shown:

## Basic Setup

Create an `ArgumentParser` object:

```python
parser = argparse.ArgumentParser()
```

You can optionally provide a description:

```python
parser = argparse.ArgumentParser(description=""Your help text"")
```

## Adding Arguments

Use `parser.add_argument()` to define arguments:

```python
parser.add_argument('-v', '--verbosity', 
                    action='store', 
                    default=1, 
                    type=int, 
                    choices=range(4),
                    help='Verbosity level; 0=minimal output, 1=normal output...')

parser.add_argument('-V', '--version',
                    action='version',
                    version='1.0.0')

parser.add_argument('-w', '--workspace',
                    type=str,
                    help='workspace directory')

parser.add_argument('-x', '--external_files',
                    nargs='+',
                    type=str,
                    help='list of external files')
```

## Common Options

- `action`: Defines how to handle the argument (e.g., `'store'`, `'store_true'`, `'count'`, `'version'`)
- `default`: Default value if argument not provided
- `type`: Data type conversion (e.g., `int`, `str`)
- `choices`: Restrict values to specific options
- `nargs`: Number of arguments to accept (e.g., `'+'` for one or more)
- `help`: Help text for the argument

See `noirbizarre/django.js/djangojs/management/commands/js.py::Command.create_parser` and `DataMedSci/mcpartools/mcpartools/generatemc.py::main` for complete examples."
P1Q10,How can I create or format a timestamp in Python?,[1] beregond/jsonmodels/jsonmodels/fields.py::TimeField.parse_value; [2] beregond/jsonmodels/jsonmodels/fields.py::TimeField.to_struct; [3] beregond/jsonmodels/jsonmodels/fields.py::DateField.to_struct; [4] beregond/jsonmodels/jsonmodels/fields.py::DateTimeField.parse_value,[1] 0.555; [2] 0.552; [3] 0.523; [4] 0.513,"Based on the provided code context, I can show you how to format a timestamp (time object) in Python using the `TimeField.to_struct` method:

```python
def to_struct(self, value):
    """"""Cast `time` object to string.""""""
    if self.str_format:
        return value.strftime(self.str_format)
    return value.isoformat()
```

**From `beregond/jsonmodels/jsonmodels/fields.py::TimeField.to_struct`:**

To format a time object, you have two options:
1. **Use a custom format** - If `str_format` is defined, use `strftime()` with that format
2.",yes,"Based on the provided code context, I can show you how to format a timestamp (time object) in Python using the `TimeField.to_struct` method:

```python
def to_struct(self, value):
    """"""Cast `time` object to string.""""""
    if self.str_format:
        return value.strftime(self.str_format)
    return value.isoformat()
```

**From `beregond/jsonmodels/jsonmodels/fields.py::TimeField.to_struct`:**

To format a time object, you have two options:
1. **Use a custom format** - If `str_format` is defined, use `strftime()` with that format
2. **Use ISO format** - Otherwise, use `isoformat()` to get the standard ISO 8601 format

For example:
- `time_obj.isoformat()` returns a string like `""14:30:45.123456""`
- `time_obj.strftime(""%H:%M:%S"")` returns a string like `""14:30:45""` (if `str_format` is set to that pattern)

However, the provided code context does not contain information about creating/parsing timestamps from scratch. For that functionality, you would need to refer to the `parse_value` methods or additional documentation not included here."
